epoch,train_loss,val_loss
2,1781.37,455.724
4,1771.67,452.899
6,1762.03,450.092
8,1752.45,447.305
10,1742.92,444.536
12,1733.44,441.784
14,1724,439.047
16,1714.61,436.323
18,1705.24,433.611
20,1695.9,430.909
22,1686.58,428.218
24,1677.29,425.536
26,1668.03,422.863
28,1658.78,420.2
30,1649.56,417.546
32,1640.37,414.901
34,1631.19,412.264
36,1622.04,409.636
38,1612.9,407.017
40,1603.79,404.405
42,1594.69,401.802
44,1585.61,399.206
46,1576.56,396.618
48,1567.52,394.037
50,1558.49,391.465
52,1549.48,388.899
54,1540.49,386.341
56,1531.52,383.79
58,1522.56,381.246
60,1513.62,378.71
62,1504.69,376.18
64,1495.78,373.658
66,1486.88,371.142
68,1478,368.633
70,1469.13,366.131
72,1460.28,363.637
74,1451.44,361.149
76,1442.61,358.667
78,1433.81,356.193
80,1425.01,353.726
82,1416.23,351.265
84,1407.46,348.811
86,1398.71,346.365
88,1389.98,343.925
90,1381.25,341.491
92,1372.55,339.065
94,1363.85,336.646
96,1355.18,334.234
98,1346.51,331.828
100,1337.87,329.43
102,1329.23,327.038
104,1320.62,324.654
106,1312.01,322.276
108,1303.43,319.905
110,1294.86,317.542
112,1286.3,315.185
114,1277.76,312.835
116,1269.24,310.493
118,1260.73,308.157
120,1252.23,305.828
122,1243.76,303.507
124,1235.3,301.192
126,1226.86,298.885
128,1218.43,296.584
130,1210.02,294.291
132,1201.62,292.005
134,1193.25,289.726
136,1184.89,287.454
138,1176.55,285.189
140,1168.23,282.931
142,1159.92,280.681
144,1151.63,278.437
146,1143.36,276.201
148,1135.11,273.973
150,1126.88,271.751
152,1118.67,269.537
154,1110.48,267.331
156,1102.31,265.132
158,1094.16,262.94
160,1086.03,260.757
162,1077.92,258.581
164,1069.83,256.412
166,1061.77,254.252
168,1053.73,252.099
170,1045.71,249.955
172,1037.71,247.818
174,1029.74,245.69
176,1021.79,243.57
178,1013.87,241.459
180,1005.97,239.356
182,998.095,237.261
184,990.248,235.176
186,982.428,233.099
188,974.635,231.031
190,966.87,228.972
192,959.132,226.922
194,951.424,224.882
196,943.744,222.851
198,936.093,220.83
200,928.473,218.818
202,920.883,216.816
204,913.324,214.824
206,905.796,212.842
208,898.3,210.87
210,890.837,208.908
212,883.406,206.956
214,876.008,205.016
216,868.644,203.085
218,861.314,201.166
220,854.018,199.257
222,846.757,197.359
224,839.531,195.472
226,832.34,193.597
228,825.186,191.732
230,818.068,189.879
232,810.986,188.038
234,803.942,186.208
236,796.935,184.389
238,789.965,182.583
240,783.034,180.788
242,776.141,179.005
244,769.286,177.235
246,762.47,175.476
248,755.693,173.729
250,748.956,171.995
252,742.258,170.273
254,735.6,168.564
256,728.983,166.867
258,722.405,165.182
260,715.868,163.51
262,709.372,161.851
264,702.917,160.205
266,696.502,158.571
268,690.129,156.95
270,683.798,155.342
272,677.508,153.747
274,671.26,152.165
276,665.053,150.595
278,658.889,149.039
280,652.766,147.496
282,646.686,145.966
284,640.648,144.449
286,634.653,142.945
288,628.699,141.455
290,622.789,139.977
292,616.921,138.513
294,611.096,137.062
296,605.313,135.624
298,599.574,134.2
300,593.877,132.788
302,588.223,131.39
304,582.612,130.005
306,577.044,128.634
308,571.518,127.275
310,566.036,125.93
312,560.597,124.598
314,555.201,123.28
316,549.847,121.974
318,544.537,120.682
320,539.269,119.402
322,534.045,118.136
324,528.863,116.883
326,523.724,115.643
328,518.629,114.417
330,513.575,113.203
332,508.565,112.002
334,503.598,110.814
336,498.673,109.639
338,493.79,108.477
340,488.95,107.328
342,484.153,106.192
344,479.398,105.068
346,474.686,103.957
348,470.016,102.859
350,465.388,101.774
352,460.802,100.701
354,456.258,99.6402
356,451.756,98.5922
358,447.296,97.5567
360,442.878,96.5335
362,438.501,95.5226
364,434.166,94.5239
366,429.872,93.5375
368,425.62,92.5631
370,421.409,91.6008
372,417.238,90.6505
374,413.109,89.7121
376,409.021,88.7855
378,404.973,87.8708
380,400.966,86.9677
382,396.999,86.0762
384,393.072,85.1963
386,389.185,84.3279
388,385.339,83.4709
390,381.532,82.6252
392,377.764,81.7908
394,374.037,80.9675
396,370.348,80.1553
398,366.698,79.3542
400,363.088,78.5639
402,359.516,77.7844
404,355.982,77.0158
406,352.487,76.2577
408,349.03,75.5102
410,345.611,74.7733
412,342.23,74.0467
414,338.886,73.3304
416,335.579,72.6243
418,332.31,71.9284
420,329.077,71.2425
422,325.881,70.5665
424,322.722,69.9004
426,319.598,69.244
428,316.511,68.5973
430,313.459,67.9601
432,310.443,67.3324
434,307.462,66.7141
436,304.516,66.1051
438,301.605,65.5053
440,298.729,64.9145
442,295.887,64.3328
444,293.078,63.7599
446,290.304,63.1959
448,287.563,62.6405
450,284.855,62.0937
452,282.18,61.5555
454,279.538,61.0257
456,276.928,60.5042
458,274.351,59.9909
460,271.805,59.4858
462,269.292,58.9887
464,266.809,58.4995
466,264.358,58.0182
468,261.937,57.5446
470,259.547,57.0787
472,257.187,56.6203
474,254.858,56.1694
476,252.558,55.7258
478,250.287,55.2895
480,248.046,54.8604
482,245.834,54.4384
484,243.65,54.0235
486,241.494,53.6154
488,239.367,53.2141
490,237.267,52.8195
492,235.195,52.4316
494,233.15,52.0502
496,231.132,51.6753
498,229.141,51.3067
500,227.176,50.9444
502,225.237,50.5883
504,223.324,50.2383
506,221.437,49.8944
508,219.575,49.5564
510,217.738,49.2242
512,215.925,48.8977
514,214.137,48.577
516,212.373,48.2619
518,210.634,47.9523
520,208.917,47.6481
522,207.225,47.3493
524,205.555,47.0557
526,203.908,46.7673
528,202.284,46.4841
530,200.682,46.2059
532,199.102,45.9327
534,197.544,45.6644
536,196.007,45.4009
538,194.492,45.1421
540,192.997,44.888
542,191.524,44.6385
544,190.071,44.3935
546,188.638,44.153
548,187.225,43.9168
550,185.832,43.685
552,184.459,43.4574
554,183.105,43.234
556,181.769,43.0147
558,180.453,42.7994
560,179.155,42.5881
562,177.876,42.3807
564,176.614,42.1772
566,175.37,41.9775
568,174.144,41.7814
570,172.936,41.5891
572,171.744,41.4003
574,170.57,41.2151
576,169.412,41.0334
578,168.271,40.8551
580,167.146,40.6801
582,166.037,40.5085
584,164.944,40.3401
586,163.866,40.1749
588,162.804,40.0128
590,161.757,39.8539
592,160.725,39.6979
594,159.708,39.545
596,158.706,39.3949
598,157.718,39.2478
600,156.744,39.1035
602,155.784,38.9619
604,154.838,38.8231
606,153.906,38.687
608,152.987,38.5534
610,152.081,38.4225
612,151.189,38.2941
614,150.309,38.1682
616,149.442,38.0448
618,148.588,37.9237
620,147.745,37.805
622,146.915,37.6886
624,146.097,37.5745
626,145.291,37.4626
628,144.497,37.3529
630,143.714,37.2454
632,142.942,37.1399
634,142.181,37.0365
636,141.432,36.9352
638,140.693,36.8358
640,139.965,36.7384
642,139.247,36.6429
644,138.54,36.5493
646,137.843,36.4575
648,137.156,36.3675
650,136.479,36.2793
652,135.812,36.1928
654,135.155,36.1081
656,134.507,36.0249
658,133.868,35.9435
660,133.238,35.8636
662,132.618,35.7853
664,132.006,35.7085
666,131.404,35.6332
668,130.809,35.5595
670,130.224,35.4871
672,129.647,35.4162
674,129.078,35.3466
676,128.517,35.2784
678,127.964,35.2116
680,127.42,35.146
682,126.883,35.0817
684,126.353,35.0187
686,125.831,34.9568
688,125.317,34.8962
690,124.81,34.8367
692,124.31,34.7784
694,123.817,34.7212
696,123.331,34.6651
698,122.852,34.61
700,122.38,34.556
702,121.914,34.503
704,121.455,34.451
706,121.003,34.4
708,120.557,34.3499
710,120.116,34.3008
712,119.683,34.2526
714,119.255,34.2052
716,118.833,34.1587
718,118.417,34.1131
720,118.007,34.0683
722,117.602,34.0242
724,117.203,33.981
726,116.809,33.9385
728,116.421,33.8968
730,116.038,33.8558
732,115.661,33.8155
734,115.288,33.7759
736,114.921,33.737
738,114.558,33.6987
740,114.2,33.6611
742,113.848,33.6241
744,113.499,33.5877
746,113.156,33.5518
748,112.817,33.5166
750,112.483,33.4819
752,112.153,33.4477
754,111.827,33.414
756,111.506,33.3809
758,111.188,33.3483
760,110.875,33.3161
762,110.566,33.2844
764,110.261,33.2531
766,109.96,33.2223
768,109.663,33.1919
770,109.369,33.1619
772,109.079,33.1323
774,108.793,33.1031
776,108.511,33.0742
778,108.232,33.0457
780,107.956,33.0176
782,107.684,32.9897
784,107.415,32.9622
786,107.149,32.935
788,106.887,32.9081
790,106.628,32.8815
792,106.372,32.8552
794,106.119,32.8291
796,105.869,32.8032
798,105.622,32.7776
800,105.378,32.7522
802,105.136,32.7271
804,104.898,32.7021
806,104.662,32.6774
808,104.429,32.6528
810,104.198,32.6284
812,103.97,32.6042
814,103.745,32.5801
816,103.522,32.5562
818,103.302,32.5325
820,103.084,32.5088
822,102.868,32.4853
824,102.654,32.4619
826,102.443,32.4386
828,102.234,32.4154
830,102.028,32.3923
832,101.823,32.3693
834,101.62,32.3463
836,101.42,32.3234
838,101.221,32.3006
840,101.025,32.2778
842,100.83,32.255
844,100.638,32.2323
846,100.447,32.2096
848,100.258,32.187
850,100.07,32.1643
852,99.8849,32.1417
854,99.701,32.119
856,99.5189,32.0964
858,99.3384,32.0737
860,99.1594,32.051
862,98.9821,32.0283
864,98.8062,32.0056
866,98.6319,31.9828
868,98.459,31.9599
870,98.2876,31.9371
872,98.1175,31.9141
874,97.9489,31.8911
876,97.7815,31.8681
878,97.6155,31.8449
880,97.4508,31.8217
882,97.2873,31.7984
884,97.125,31.775
886,96.9639,31.7515
888,96.804,31.7279
890,96.6453,31.7042
892,96.4876,31.6804
894,96.331,31.6565
896,96.1755,31.6325
898,96.021,31.6083
900,95.8675,31.584
902,95.715,31.5596
904,95.5635,31.5351
906,95.4128,31.5104
908,95.2631,31.4855
910,95.1143,31.4605
912,94.9663,31.4354
914,94.8192,31.4101
916,94.6729,31.3846
918,94.5273,31.3589
920,94.3826,31.3331
922,94.2385,31.3072
924,94.0953,31.281
926,93.9527,31.2547
928,93.8108,31.2281
930,93.6696,31.2014
932,93.529,31.1745
934,93.389,31.1474
936,93.2497,31.1201
938,93.1109,31.0926
940,92.9727,31.0649
942,92.835,31.0369
944,92.6979,31.0088
946,92.5613,30.9804
948,92.4252,30.9519
950,92.2895,30.9231
952,92.1543,30.894
954,92.0196,30.8648
956,91.8853,30.8353
958,91.7514,30.8056
960,91.6178,30.7757
962,91.4847,30.7455
964,91.3519,30.715
966,91.2195,30.6844
968,91.0874,30.6534
970,90.9556,30.6223
972,90.8241,30.5909
974,90.6929,30.5592
976,90.5619,30.5272
978,90.4313,30.495
980,90.3008,30.4626
982,90.1706,30.4298
984,90.0406,30.3969
986,89.9108,30.3636
988,89.7812,30.3301
990,89.6518,30.2963
992,89.5225,30.2622
994,89.3934,30.2278
996,89.2644,30.1932
998,89.1355,30.1583
1000,89.0068,30.1231
1002,88.8782,30.0876
1004,88.7496,30.0518
1006,88.6211,30.0157
1008,88.4927,29.9794
1010,88.3644,29.9427
1012,88.2361,29.9058
1014,88.1078,29.8685
1016,87.9796,29.831
1018,87.8513,29.7932
1020,87.7231,29.755
1022,87.5949,29.7166
1024,87.4666,29.6778
1026,87.3383,29.6387
1028,87.21,29.5994
1030,87.0817,29.5597
1032,86.9533,29.5197
1034,86.8248,29.4794
1036,86.6962,29.4388
1038,86.5676,29.3978
1040,86.4389,29.3566
1042,86.3101,29.315
1044,86.1811,29.2731
1046,86.0521,29.2309
1048,85.9229,29.1883
1050,85.7936,29.1455
1052,85.6641,29.1023
1054,85.5345,29.0588
1056,85.4048,29.0149
1058,85.2749,28.9707
1060,85.1448,28.9262
1062,85.0145,28.8814
1064,84.8841,28.8362
1066,84.7535,28.7907
1068,84.6226,28.7449
1070,84.4916,28.6987
1072,84.3603,28.6522
1074,84.2288,28.6054
1076,84.0972,28.5582
1078,83.9652,28.5107
1080,83.8331,28.4628
1082,83.7006,28.4146
1084,83.568,28.3661
1086,83.4351,28.3172
1088,83.3019,28.268
1090,83.1684,28.2184
1092,83.0347,28.1685
1094,82.9007,28.1182
1096,82.7665,28.0676
1098,82.6319,28.0167
1100,82.497,27.9654
1102,82.3619,27.9137
1104,82.2264,27.8617
1106,82.0907,27.8094
1108,81.9546,27.7567
1110,81.8182,27.7036
1112,81.6815,27.6502
1114,81.5445,27.5965
1116,81.4071,27.5424
1118,81.2694,27.4879
1120,81.1314,27.4331
1122,80.993,27.378
1124,80.8543,27.3225
1126,80.7152,27.2666
1128,80.5758,27.2105
1130,80.436,27.1539
1132,80.2959,27.097
1134,80.1554,27.0397
1136,80.0146,26.9821
1138,79.8733,26.9241
1140,79.7317,26.8658
1142,79.5898,26.8072
1144,79.4474,26.7481
1146,79.3047,26.6888
1148,79.1616,26.6291
1150,79.0182,26.569
1152,78.8743,26.5086
1154,78.73,26.4478
1156,78.5854,26.3867
1158,78.4404,26.3252
1160,78.295,26.2634
1162,78.1492,26.2012
1164,78.0029,26.1387
1166,77.8563,26.0758
1168,77.7093,26.0126
1170,77.5619,25.949
1172,77.4141,25.8851
1174,77.2659,25.8209
1176,77.1173,25.7563
1178,76.9683,25.6913
1180,76.8189,25.626
1182,76.6691,25.5604
1184,76.5189,25.4945
1186,76.3683,25.4282
1188,76.2172,25.3615
1190,76.0658,25.2945
1192,75.914,25.2272
1194,75.7617,25.1596
1196,75.6091,25.0916
1198,75.456,25.0233
1200,75.3026,24.9546
1202,75.1487,24.8857
1204,74.9945,24.8163
1206,74.8398,24.7467
1208,74.6848,24.6768
1210,74.5293,24.6065
1212,74.3735,24.5359
1214,74.2172,24.465
1216,74.0605,24.3937
1218,73.9035,24.3222
1220,73.7461,24.2503
1222,73.5883,24.1781
1224,73.43,24.1056
1226,73.2715,24.0328
1228,73.1125,23.9598
1230,72.9531,23.8864
1232,72.7934,23.8126
1234,72.6333,23.7386
1236,72.4728,23.6643
1238,72.3119,23.5897
1240,72.1507,23.5149
1242,71.9891,23.4397
1244,71.8272,23.3642
1246,71.6649,23.2885
1248,71.5022,23.2125
1250,71.3392,23.1362
1252,71.1758,23.0596
1254,71.0121,22.9827
1256,70.8481,22.9056
1258,70.6837,22.8283
1260,70.519,22.7506
1262,70.354,22.6727
1264,70.1886,22.5946
1266,70.0229,22.5162
1268,69.8569,22.4375
1270,69.6906,22.3586
1272,69.524,22.2795
1274,69.3571,22.2001
1276,69.1899,22.1205
1278,69.0224,22.0406
1280,68.8546,21.9606
1282,68.6866,21.8803
1284,68.5183,21.7997
1286,68.3497,21.719
1288,68.1808,21.6381
1290,68.0117,21.5569
1292,67.8424,21.4756
1294,67.6728,21.3941
1296,67.503,21.3123
1298,67.3329,21.2304
1300,67.1626,21.1483
1302,66.9921,21.066
1304,66.8214,20.9836
1306,66.6505,20.9009
1308,66.4794,20.8181
1310,66.3081,20.7352
1312,66.1366,20.6521
1314,65.9649,20.5688
1316,65.7931,20.4854
1318,65.6211,20.4018
1320,65.4489,20.3182
1322,65.2766,20.2343
1324,65.1042,20.1504
1326,64.9316,20.0663
1328,64.7589,19.9822
1330,64.5861,19.8979
1332,64.4132,19.8135
1334,64.2402,19.729
1336,64.0671,19.6444
1338,63.8939,19.5597
1340,63.7207,19.475
1342,63.5473,19.3902
1344,63.3739,19.3053
1346,63.2005,19.2203
1348,63.027,19.1353
1350,62.8535,19.0502
1352,62.6799,18.9651
1354,62.5064,18.8799
1356,62.3328,18.7947
1358,62.1592,18.7095
1360,61.9856,18.6243
1362,61.8121,18.539
1364,61.6386,18.4537
1366,61.4651,18.3684
1368,61.2916,18.2831
1370,61.1182,18.1978
1372,60.9449,18.1126
1374,60.7716,18.0273
1376,60.5984,17.9421
1378,60.4253,17.8569
1380,60.2523,17.7717
1382,60.0794,17.6866
1384,59.9066,17.6016
1386,59.7339,17.5166
1388,59.5614,17.4316
1390,59.389,17.3467
1392,59.2167,17.2619
1394,59.0446,17.1772
1396,58.8727,17.0925
1398,58.7009,17.008
1400,58.5293,16.9235
1402,58.3579,16.8392
1404,58.1867,16.7549
1406,58.0158,16.6708
1408,57.845,16.5868
1410,57.6745,16.5029
1412,57.5041,16.4192
1414,57.3341,16.3356
1416,57.1643,16.2521
1418,56.9947,16.1688
1420,56.8254,16.0857
1422,56.6564,16.0027
1424,56.4877,15.9199
1426,56.3193,15.8373
1428,56.1511,15.7548
1430,55.9833,15.6725
1432,55.8158,15.5905
1434,55.6486,15.5086
1436,55.4817,15.4269
1438,55.3152,15.3454
1440,55.149,15.2642
1442,54.9832,15.1831
1444,54.8177,15.1023
1446,54.6526,15.0217
1448,54.4879,14.9414
1450,54.3236,14.8613
1452,54.1596,14.7814
1454,53.9961,14.7018
1456,53.8329,14.6225
1458,53.6702,14.5434
1460,53.5079,14.4645
1462,53.346,14.386
1464,53.1845,14.3077
1466,53.0235,14.2297
1468,52.8629,14.152
1470,52.7028,14.0745
1472,52.5432,13.9974
1474,52.3839,13.9205
1476,52.2252,13.844
1478,52.0669,13.7677
1480,51.9092,13.6918
1482,51.7519,13.6162
1484,51.5951,13.5409
1486,51.4388,13.4659
1488,51.283,13.3913
1490,51.1277,13.3169
1492,50.9729,13.2429
1494,50.8186,13.1693
1496,50.6649,13.096
1498,50.5117,13.023
1500,50.359,12.9504
1502,50.2068,12.8781
1504,50.0552,12.8061
1506,49.9042,12.7346
1508,49.7537,12.6633
1510,49.6038,12.5925
1512,49.4544,12.522
1514,49.3056,12.4519
1516,49.1573,12.3821
1518,49.0096,12.3127
1520,48.8625,12.2437
1522,48.716,12.1751
1524,48.57,12.1068
1526,48.4247,12.0389
1528,48.2799,11.9714
1530,48.1357,11.9043
1532,47.9922,11.8376
1534,47.8492,11.7712
1536,47.7068,11.7053
1538,47.5651,11.6397
1540,47.4239,11.5746
1542,47.2834,11.5098
1544,47.1434,11.4454
1546,47.0041,11.3815
1548,46.8654,11.3179
1550,46.7273,11.2547
1552,46.5899,11.192
1554,46.453,11.1296
1556,46.3168,11.0676
1558,46.1813,11.0061
1560,46.0463,10.9449
1562,45.912,10.8842
1564,45.7783,10.8238
1566,45.6453,10.7639
1568,45.5129,10.7044
1570,45.3811,10.6452
1572,45.25,10.5865
1574,45.1195,10.5282
1576,44.9897,10.4703
1578,44.8605,10.4129
1580,44.7319,10.3558
1582,44.604,10.2991
1584,44.4768,10.2429
1586,44.3501,10.187
1588,44.2242,10.1316
1590,44.0989,10.0766
1592,43.9742,10.022
1594,43.8502,9.96778
1596,43.7268,9.91399
1598,43.6041,9.8606
1600,43.482,9.80763
1602,43.3606,9.75506
1604,43.2398,9.7029
1606,43.1197,9.65114
1608,43.0003,9.59979
1610,42.8815,9.54885
1612,42.7633,9.49832
1614,42.6458,9.44818
1616,42.5289,9.39845
1618,42.4127,9.34912
1620,42.2971,9.30019
1622,42.1822,9.25166
1624,42.068,9.20354
1626,41.9543,9.1558
1628,41.8414,9.10848
1630,41.7291,9.06154
1632,41.6174,9.015
1634,41.5063,8.96884
1636,41.3959,8.92309
1638,41.2862,8.87772
1640,41.1771,8.83275
1642,41.0686,8.78817
1644,40.9608,8.74397
1646,40.8536,8.70016
1648,40.747,8.65673
1650,40.6411,8.61368
1652,40.5358,8.57102
1654,40.4311,8.52873
1656,40.3271,8.48682
1658,40.2237,8.44529
1660,40.1209,8.40414
1662,40.0188,8.36336
1664,39.9173,8.32295
1666,39.8164,8.28291
1668,39.7161,8.24323
1670,39.6164,8.20393
1672,39.5174,8.16499
1674,39.4189,8.12641
1676,39.3211,8.0882
1678,39.2239,8.05034
1680,39.1273,8.01284
1682,39.0313,7.9757
1684,38.936,7.93891
1686,38.8412,7.90248
1688,38.747,7.86639
1690,38.6534,7.83065
1692,38.5604,7.79527
1694,38.4681,7.76022
1696,38.3763,7.72552
1698,38.2851,7.69116
1700,38.1944,7.65713
1702,38.1044,7.62345
1704,38.0149,7.5901
1706,37.9261,7.55708
1708,37.8378,7.52439
1710,37.75,7.49204
1712,37.6629,7.46001
1714,37.5763,7.4283
1716,37.4903,7.39692
1718,37.4048,7.36586
1720,37.3199,7.33511
1722,37.2356,7.30468
1724,37.1518,7.27457
1726,37.0686,7.24478
1728,36.986,7.21528
1730,36.9038,7.18611
1732,36.8223,7.15723
1734,36.7412,7.12866
1736,36.6607,7.1004
1738,36.5808,7.07243
1740,36.5013,7.04476
1742,36.4224,7.01739
1744,36.3441,6.99031
1746,36.2662,6.96353
1748,36.1889,6.93703
1750,36.1121,6.91082
1752,36.0358,6.88489
1754,35.96,6.85925
1756,35.8848,6.83389
1758,35.81,6.80881
1760,35.7357,6.78401
1762,35.662,6.75948
1764,35.5887,6.73523
1766,35.5159,6.71124
1768,35.4437,6.68753
1770,35.3719,6.66408
1772,35.3006,6.6409
1774,35.2298,6.61798
1776,35.1594,6.59532
1778,35.0895,6.57292
1780,35.0201,6.55077
1782,34.9512,6.52888
1784,34.8828,6.50724
1786,34.8147,6.48585
1788,34.7472,6.46471
1790,34.6801,6.44382
1792,34.6135,6.42317
1794,34.5473,6.40276
1796,34.4816,6.3826
1798,34.4163,6.36267
1800,34.3514,6.34298
1802,34.287,6.32351
1804,34.223,6.30429
1806,34.1594,6.28529
1808,34.0963,6.26652
1810,34.0336,6.24798
1812,33.9713,6.22966
1814,33.9095,6.21157
1816,33.848,6.19369
1818,33.7869,6.17603
1820,33.7263,6.15859
1822,33.6661,6.14136
1824,33.6063,6.12434
1826,33.5468,6.10753
1828,33.4878,6.09094
1830,33.4291,6.07455
1832,33.3709,6.05836
1834,33.313,6.04238
1836,33.2555,6.02659
1838,33.1984,6.01102
1840,33.1417,5.99563
1842,33.0853,5.98043
1844,33.0293,5.96544
1846,32.9736,5.95063
1848,32.9184,5.93601
1850,32.8635,5.92159
1852,32.8089,5.90734
1854,32.7547,5.89329
1856,32.7008,5.87941
1858,32.6473,5.86571
1860,32.5942,5.8522
1862,32.5413,5.83886
1864,32.4888,5.82569
1866,32.4367,5.8127
1868,32.3849,5.79988
1870,32.3334,5.78723
1872,32.2822,5.77475
1874,32.2313,5.76244
1876,32.1808,5.75029
1878,32.1306,5.7383
1880,32.0807,5.72648
1882,32.0311,5.71482
1884,31.9818,5.70331
1886,31.9328,5.69196
1888,31.8841,5.68076
1890,31.8358,5.66972
1892,31.7877,5.65883
1894,31.7399,5.64809
1896,31.6923,5.6375
1898,31.6451,5.62706
1900,31.5982,5.61675
1902,31.5515,5.60659
1904,31.5051,5.59658
1906,31.459,5.58671
1908,31.4132,5.57697
1910,31.3676,5.56737
1912,31.3223,5.55791
1914,31.2773,5.54858
1916,31.2325,5.53939
1918,31.188,5.53032
1920,31.1437,5.52139
1922,31.0997,5.51258
1924,31.0559,5.5039
1926,31.0124,5.49535
1928,30.9691,5.48692
1930,30.926,5.47861
1932,30.8833,5.47043
1934,30.8407,5.46236
1936,30.7983,5.45441
1938,30.7562,5.44658
1940,30.7144,5.43887
1942,30.6727,5.43126
1944,30.6313,5.42378
1946,30.5901,5.4164
1948,30.5491,5.40914
1950,30.5083,5.40198
1952,30.4677,5.39493
1954,30.4274,5.38799
1956,30.3873,5.38115
1958,30.3473,5.37441
1960,30.3076,5.36778
1962,30.268,5.36124
1964,30.2287,5.35481
1966,30.1896,5.34848
1968,30.1506,5.34224
1970,30.1119,5.3361
1972,30.0733,5.33005
1974,30.0349,5.3241
1976,29.9967,5.31824
1978,29.9587,5.31248
1980,29.9208,5.3068
1982,29.8832,5.30121
1984,29.8457,5.29571
1986,29.8084,5.2903
1988,29.7712,5.28497
1990,29.7342,5.27972
1992,29.6974,5.27457
1994,29.6608,5.26949
1996,29.6243,5.26449
1998,29.588,5.25957
2000,29.5518,5.25473
2002,29.5158,5.24997
2004,29.4799,5.24529
2006,29.4442,5.24069
2008,29.4086,5.23616
2010,29.3732,5.2317
2012,29.338,5.22731
2014,29.3029,5.223
2016,29.2679,5.21876
2018,29.233,5.21458
2020,29.1983,5.21048
2022,29.1638,5.20644
2024,29.1293,5.20248
2026,29.095,5.19857
2028,29.0609,5.19474
2030,29.0268,5.19096
2032,28.9929,5.18725
2034,28.9591,5.1836
2036,28.9254,5.18002
2038,28.8919,5.17649
2040,28.8585,5.17303
2042,28.8252,5.16962
2044,28.792,5.16628
2046,28.7589,5.16298
2048,28.7259,5.15975
2050,28.6931,5.15657
2052,28.6603,5.15345
2054,28.6277,5.15038
2056,28.5952,5.14736
2058,28.5627,5.14439
2060,28.5304,5.14148
2062,28.4982,5.13862
2064,28.4661,5.13581
2066,28.434,5.13305
2068,28.4021,5.13033
2070,28.3703,5.12767
2072,28.3386,5.12504
2074,28.3069,5.12247
2076,28.2754,5.11994
2078,28.2439,5.11746
2080,28.2125,5.11502
2082,28.1812,5.11263
2084,28.15,5.11028
2086,28.1189,5.10796
2088,28.0879,5.1057
2090,28.057,5.10347
2092,28.0261,5.10128
2094,27.9953,5.09914
2096,27.9646,5.09703
2098,27.9339,5.09496
2100,27.9034,5.09293
2102,27.8729,5.09093
2104,27.8425,5.08897
2106,27.8121,5.08704
2108,27.7818,5.08515
2110,27.7516,5.0833
2112,27.7215,5.08148
2114,27.6915,5.07969
2116,27.6614,5.07794
2118,27.6315,5.07622
2120,27.6016,5.07453
2122,27.5718,5.07287
2124,27.5421,5.07125
2126,27.5124,5.06965
2128,27.4827,5.06808
2130,27.4532,5.06654
2132,27.4236,5.06504
2134,27.3942,5.06356
2136,27.3648,5.06211
2138,27.3354,5.06068
2140,27.3061,5.05928
2142,27.2769,5.05791
2144,27.2477,5.05656
2146,27.2185,5.05524
2148,27.1894,5.05395
2150,27.1604,5.05268
2152,27.1314,5.05143
2154,27.1024,5.05021
2156,27.0735,5.04901
2158,27.0447,5.04783
2160,27.0159,5.04667
2162,26.9871,5.04554
2164,26.9583,5.04443
2166,26.9297,5.04334
2168,26.901,5.04227
2170,26.8724,5.04122
2172,26.8438,5.04019
2174,26.8153,5.03918
2176,26.7868,5.03819
2178,26.7583,5.03722
2180,26.7299,5.03627
2182,26.7015,5.03533
2184,26.6732,5.03441
2186,26.6449,5.03351
2188,26.6166,5.03263
2190,26.5883,5.03176
2192,26.5601,5.03092
2194,26.5319,5.03008
2196,26.5038,5.02926
2198,26.4756,5.02846
2200,26.4475,5.02767
2202,26.4195,5.0269
2204,26.3914,5.02615
2206,26.3634,5.0254
2208,26.3354,5.02468
2210,26.3075,5.02396
2212,26.2795,5.02326
2214,26.2516,5.02257
2216,26.2237,5.0219
2218,26.1958,5.02124
2220,26.168,5.02059
2222,26.1402,5.01996
2224,26.1124,5.01933
2226,26.0846,5.01871
2228,26.0569,5.01811
2230,26.0291,5.01752
2232,26.0014,5.01694
2234,25.9737,5.01637
2236,25.9461,5.01581
2238,25.9184,5.01526
2240,25.8908,5.01473
2242,25.8632,5.0142
2244,25.8356,5.01368
2246,25.808,5.01317
2248,25.7804,5.01267
2250,25.7529,5.01218
2252,25.7254,5.01169
2254,25.6979,5.01122
2256,25.6704,5.01075
2258,25.6429,5.0103
2260,25.6154,5.00985
2262,25.588,5.00941
2264,25.5605,5.00897
2266,25.5331,5.00854
2268,25.5057,5.00813
2270,25.4783,5.00772
2272,25.4509,5.00731
2274,25.4235,5.00691
2276,25.3961,5.00652
2278,25.3688,5.00614
2280,25.3414,5.00577
2282,25.3141,5.0054
2284,25.2868,5.00503
2286,25.2595,5.00467
2288,25.2322,5.00432
2290,25.2049,5.00397
2292,25.1776,5.00363
2294,25.1503,5.0033
2296,25.1231,5.00297
2298,25.0958,5.00264
2300,25.0686,5.00232
2302,25.0413,5.00201
2304,25.0141,5.0017
2306,24.9869,5.00139
2308,24.9597,5.0011
2310,24.9325,5.0008
2312,24.9053,5.00051
2314,24.8781,5.00023
2316,24.8509,4.99994
2318,24.8237,4.99967
2320,24.7965,4.99939
2322,24.7694,4.99913
2324,24.7422,4.99886
2326,24.715,4.9986
2328,24.6879,4.99834
2330,24.6608,4.99809
2332,24.6336,4.99784
2334,24.6065,4.99759
2336,24.5794,4.99735
2338,24.5522,4.99711
2340,24.5251,4.99687
2342,24.498,4.99664
2344,24.4709,4.99641
2346,24.4438,4.99618
2348,24.4167,4.99596
2350,24.3896,4.99574
2352,24.3625,4.99553
2354,24.3354,4.99531
2356,24.3084,4.9951
2358,24.2813,4.99489
2360,24.2542,4.99469
2362,24.2271,4.99448
2364,24.2001,4.99428
2366,24.173,4.99409
2368,24.1459,4.99389
2370,24.1189,4.9937
2372,24.0918,4.9935
2374,24.0648,4.99331
2376,24.0377,4.99313
2378,24.0107,4.99295
2380,23.9837,4.99277
2382,23.9566,4.9926
2384,23.9296,4.99241
2386,23.9026,4.99224
2388,23.8756,4.99207
2390,23.8485,4.9919
2392,23.8215,4.99174
2394,23.7945,4.99157
2396,23.7675,4.99141
2398,23.7404,4.99125
2400,23.7134,4.99109
2402,23.6865,4.99093
2404,23.6595,4.99078
2406,23.6324,4.99064
2408,23.6055,4.99048
2410,23.5785,4.99033
2412,23.5515,4.99019
2414,23.5245,4.99005
2416,23.4975,4.98991
2418,23.4705,4.98976
2420,23.4436,4.98963
2422,23.4166,4.98949
2424,23.3896,4.98936
2426,23.3627,4.98923
2428,23.3357,4.9891
2430,23.3087,4.98897
2432,23.2818,4.98884
2434,23.2548,4.98872
2436,23.2279,4.9886
2438,23.2009,4.98848
2440,23.174,4.98836
2442,23.1471,4.98825
2444,23.1201,4.98813
2446,23.0932,4.98803
2448,23.0663,4.98791
2450,23.0394,4.98781
2452,23.0124,4.98771
2454,22.9855,4.9876
2456,22.9586,4.98749
2458,22.9317,4.98739
2460,22.9048,4.9873
2462,22.8779,4.9872
2464,22.851,4.98711
2466,22.8241,4.98702
2468,22.7973,4.98693
2470,22.7704,4.98684
2472,22.7435,4.98676
2474,22.7167,4.98667
2476,22.6898,4.98659
2478,22.6629,4.98651
2480,22.6361,4.98643
2482,22.6092,4.98636
2484,22.5824,4.98628
2486,22.5556,4.98621
2488,22.5287,4.98615
2490,22.5019,4.98608
2492,22.4751,4.98602
2494,22.4483,4.98596
2496,22.4215,4.9859
2498,22.3947,4.98584
2500,22.3679,4.98579
2502,22.3411,4.98573
2504,22.3144,4.98568
2506,22.2876,4.98563
2508,22.2608,4.98559
2510,22.2341,4.98555
2512,22.2073,4.98551
2514,22.1806,4.98548
2516,22.1539,4.98544
2518,22.1271,4.98541
2520,22.1004,4.98538
2522,22.0737,4.98535
2524,22.047,4.98533
2526,22.0203,4.98531
2528,21.9936,4.98529
2530,21.9669,4.98527
2532,21.9403,4.98526
2534,21.9136,4.98525
2536,21.887,4.98524
2538,21.8603,4.98524
2540,21.8337,4.98524
2542,21.8071,4.98524
2544,21.7805,4.98524
2546,21.7539,4.98525
2548,21.7273,4.98525
2550,21.7007,4.98527
2552,21.6741,4.98528
2554,21.6475,4.9853
2556,21.621,4.98532
2558,21.5945,4.98534
2560,21.5679,4.98537
2562,21.5414,4.9854
2564,21.5149,4.98544
2566,21.4884,4.98547
2568,21.4619,4.9855
2570,21.4355,4.98555
2572,21.409,4.9856
2574,21.3825,4.98564
2576,21.3561,4.9857
2578,21.3297,4.98575
2580,21.3033,4.98581
2582,21.2769,4.98588
2584,21.2505,4.98594
2586,21.2241,4.986
2588,21.1978,4.98608
2590,21.1714,4.98615
2592,21.1451,4.98623
2594,21.1188,4.98631
2596,21.0925,4.9864
2598,21.0662,4.98649
2600,21.0399,4.98659
2602,21.0136,4.98668
2604,20.9874,4.98678
2606,20.9611,4.98688
2608,20.9349,4.98699
2610,20.9087,4.98709
2612,20.8825,4.98721
2614,20.8563,4.98733
2616,20.8302,4.98745
2618,20.804,4.98757
2620,20.7779,4.98771
2622,20.7518,4.98784
2624,20.7257,4.98798
2626,20.6997,4.98812
2628,20.6736,4.98827
2630,20.6475,4.98842
2632,20.6215,4.98856
2634,20.5955,4.98872
2636,20.5695,4.98887
2638,20.5435,4.98904
2640,20.5176,4.98921
2642,20.4916,4.98938
2644,20.4657,4.98956
2646,20.4398,4.98974
2648,20.4139,4.98992
2650,20.3881,4.99011
2652,20.3622,4.99029
2654,20.3364,4.9905
2656,20.3106,4.99069
2658,20.2848,4.9909
2660,20.259,4.99111
2662,20.2333,4.99131
2664,20.2075,4.99153
2666,20.1818,4.99176
2668,20.1561,4.99198
2670,20.1305,4.99221
2672,20.1048,4.99244
2674,20.0792,4.99268
2676,20.0536,4.99292
2678,20.028,4.99317
2680,20.0024,4.99341
2682,19.9769,4.99366
2684,19.9513,4.99393
2686,19.9258,4.99419
2688,19.9003,4.99445
2690,19.8749,4.99472
2692,19.8494,4.99499
2694,19.824,4.99528
2696,19.7986,4.99556
2698,19.7733,4.99585
2700,19.7479,4.99614
2702,19.7226,4.99643
2704,19.6973,4.99673
2706,19.672,4.99704
2708,19.6467,4.99735
2710,19.6215,4.99766
2712,19.5963,4.99798
2714,19.5711,4.9983
2716,19.5459,4.99863
2718,19.5208,4.99896
2720,19.4957,4.99929
2722,19.4706,4.99963
2724,19.4455,4.99998
2726,19.4205,5.00032
2728,19.3955,5.00068
2730,19.3705,5.00103
2732,19.3455,5.0014
2734,19.3206,5.00176
2736,19.2956,5.00213
2738,19.2708,5.00251
